<?xml version="1.0" encoding="utf-8" ?>
<dwsync>
<file name="administracao.php" server="ftp.sonegociospr.com.br" local="129253541400000000" remote="129253541400000000" />
<file name="cabecalho.php" server="ftp.sonegociospr.com.br" local="129252445200000000" remote="129252445200000000" />
<file name="conecta.php" server="ftp.sonegociospr.com.br" local="129252296400000000" remote="129252296400000000" />
<file name="verifica.php" server="ftp.sonegociospr.com.br" local="129253530000000000" remote="129253530000000000" />
<file name="cadastro_categoria.php" server="ftp.sonegociospr.com.br" local="129254277000000000" remote="129254277000000000" />
<file name="rodape.php" server="ftp.sonegociospr.com.br" local="129254241600000000" remote="129254241600000000" />
<file name="cadastro_usuario.php" server="ftp.sonegociospr.com.br" local="129254140800000000" remote="129254140800000000" />
<file name="index.php" server="ftp.sonegociospr.com.br" local="129252444600000000" remote="129252444600000000" />
<file name="login.php" server="ftp.sonegociospr.com.br" local="129253435800000000" remote="129253435800000000" />
<file name="logout.php" server="ftp.sonegociospr.com.br" local="129253420200000000" remote="129253420200000000" />
<file name="menu.php" server="ftp.sonegociospr.com.br" local="129254243400000000" remote="129254243400000000" />
<file name="principal.php" server="ftp.sonegociospr.com.br" local="129252443400000000" remote="129252443400000000" />
<file name="script.php" server="ftp.sonegociospr.com.br" local="129253541400000000" remote="129253541400000000" />
<file name="upload.php" server="ftp.sonegociospr.com.br" local="129253541400000000" remote="129253541400000000" />
<file name="cadastro_produtos.php" server="ftp.sonegociospr.com.br" local="129254299800000000" remote="129254299800000000" />
</dwsync>