<?xml version="1.0" encoding="utf-8" ?>
<dwsync>
<file name="data.htm" server="ftp.sonegociospr.com.br" local="129251625000000000" remote="129251625000000000" />
<file name="menu2.php" server="ftp.sonegociospr.com.br" local="129251625000000000" remote="129251625000000000" />
<file name="top.php" server="ftp.sonegociospr.com.br" local="129253650600000000" remote="129253650600000000" />
<file name="menu_categoria.php" server="ftp.sonegociospr.com.br" local="129254302800000000" remote="129254302800000000" />
<file name="Cat_produto.php" server="ftp.sonegociospr.com.br" local="129253675800000000" remote="129253675800000000" />
<file name="produto.php" server="ftp.sonegociospr.com.br" local="129254138400000000" remote="129254138400000000" />
<file name="stilo_novo.css" server="ftp.sonegociospr.com.br" local="129254138400000000" remote="129254138400000000" />
<file name="produtos.php" server="ftp.sonegociospr.com.br" local="129253743600000000" remote="129253743600000000" />
</dwsync>