<?xml version="1.0" encoding="utf-8" ?>
<dwsync>
<file name="script.php" server="ftp.sonegociospr.com.br" local="129251625000000000" remote="129251625000000000" />
<file name="conecta.php" server="ftp.sonegociospr.com.br" local="129251873040000000" remote="129251872800000000" />
<file name="contato.php" server="ftp.sonegociospr.com.br" local="129251625000000000" remote="129251625000000000" />
<file name="index.php" server="ftp.sonegociospr.com.br" local="129251625000000000" remote="129251625000000000" />
<file name="compra_venda.php" server="ftp.sonegociospr.com.br" local="129251625000000000" remote="129251625000000000" />
<file name="noticias.php" server="ftp.sonegociospr.com.br" local="129251625600000000" remote="129251625600000000" />
<file name="produtos.php" server="ftp.sonegociospr.com.br" local="129251625000000000" remote="129251625000000000" />
<file name="enviar_contato.php" server="ftp.sonegociospr.com.br" local="129251625000000000" remote="129251625000000000" />
<file name="enviar_compra.php" server="ftp.sonegociospr.com.br" local="129251625000000000" remote="129251625000000000" />
<file name="enviar_venda.php" server="ftp.sonegociospr.com.br" local="129251625000000000" remote="129251625000000000" />
<file name="administracao.php" server="ftp.sonegociospr.com.br" local="129251625000000000" remote="129251625000000000" />
</dwsync>